City_ID,City,Country,Date,Lat,Lng,Max Temp,Humidity,Cloudiness,Wind Speed
0,Esperance,AU,2022-05-25 02:26:37,-33.8667,121.9,62.55,68,72,14.41
1,Mataura,NZ,2022-05-25 02:26:37,-46.1927,168.8643,48.47,82,100,7.85
2,Ushuaia,AR,2022-05-25 02:22:52,-54.8,-68.3,38.86,60,40,28.77
3,Broome,US,2022-05-25 02:26:38,42.2506,-75.833,60.71,79,0,4.61
4,Pangnirtung,CA,2022-05-25 02:26:40,66.1451,-65.7125,18.52,91,100,7.99
5,Sao Filipe,CV,2022-05-25 02:26:42,14.8961,-24.4956,71.53,78,1,6.73
6,Kilembe,UG,2022-05-25 02:26:42,0.2,30.0,58.06,91,100,4.81
7,Albany,US,2022-05-25 02:23:24,42.6001,-73.9662,63.01,70,100,3.2
8,Suzhou,CN,2022-05-25 02:26:43,31.3114,120.6181,76.87,60,62,1.95
9,Bredasdorp,ZA,2022-05-25 02:26:45,-34.5322,20.0403,56.35,87,100,5.01
10,Kota Belud,MY,2022-05-25 02:26:46,6.351,116.4305,87.35,64,92,3.0
11,Payson,US,2022-05-25 02:23:39,40.0444,-111.7321,65.68,20,40,10.36
12,Ola,RU,2022-05-25 02:26:47,59.5833,151.2833,43.14,98,100,3.71
13,Melville,US,2022-05-25 02:26:47,40.7934,-73.4151,59.59,73,0,4.61
14,Aswan,EG,2022-05-25 02:26:48,24.0934,32.907,76.39,21,0,8.1
15,Kupang,ID,2022-05-25 02:26:48,-10.1667,123.5833,87.66,61,51,7.67
16,Ust-Tsilma,RU,2022-05-25 02:26:49,65.441,52.1498,44.82,89,100,5.95
17,Daru,PG,2022-05-25 02:26:50,-9.0763,143.2092,84.43,72,25,10.87
18,Chokurdakh,RU,2022-05-25 02:26:51,70.6333,147.9167,34.16,96,100,6.49
19,Coquimbo,CL,2022-05-25 02:22:51,-29.9533,-71.3436,55.13,94,0,4.61
20,Taft,IR,2022-05-25 02:26:51,31.7471,54.2088,67.95,6,0,9.22
21,Henties Bay,NA,2022-05-25 02:26:52,-22.116,14.2845,59.61,70,0,3.74
22,Rikitea,PF,2022-05-25 02:26:52,-23.1203,-134.9692,76.32,74,16,9.64
23,Acarau,BR,2022-05-25 02:26:54,-2.8856,-40.12,75.7,87,70,10.42
24,Key Largo,US,2022-05-25 02:26:55,25.0865,-80.4473,81.99,66,60,15.32
25,Brigantine,US,2022-05-25 02:26:56,39.4101,-74.3646,58.05,85,100,10.36
26,Busselton,AU,2022-05-25 02:26:56,-33.65,115.3333,62.96,69,99,2.84
27,Linhares,BR,2022-05-25 02:26:57,-19.3911,-40.0722,64.33,97,35,2.84
28,Kapaa,US,2022-05-25 02:26:57,22.0752,-159.319,79.12,69,0,11.5
29,Hobart,AU,2022-05-25 02:25:40,-42.8794,147.3294,59.25,66,20,10.36
30,Lambarene,GA,2022-05-25 02:26:59,-0.7001,10.2406,71.28,91,100,3.47
31,Ancud,CL,2022-05-25 02:27:00,-41.8697,-73.8203,42.31,87,32,5.48
32,Hilo,US,2022-05-25 02:23:10,19.7297,-155.09,85.28,69,40,9.22
33,East London,ZA,2022-05-25 02:27:01,-33.0153,27.9116,61.65,79,64,6.33
34,Barrow,US,2022-05-25 02:27:02,71.2906,-156.7887,28.42,93,100,5.75
35,Georgetown,MY,2022-05-25 02:27:02,5.4112,100.3354,89.53,79,20,2.3
36,Te Anau,NZ,2022-05-25 02:27:04,-45.4167,167.7167,48.56,81,99,4.36
37,Srednekolymsk,RU,2022-05-25 02:27:05,67.45,153.6833,61.07,29,16,8.37
38,Chimbote,PE,2022-05-25 02:24:50,-9.0853,-78.5783,62.62,89,20,6.8
39,Punta Arenas,CL,2022-05-25 02:27:06,-53.15,-70.9167,37.51,81,20,31.07
40,Vaini,TO,2022-05-25 02:27:07,-21.2,-175.2,82.56,78,40,6.91
41,Shagonar,RU,2022-05-25 02:27:08,51.5333,92.8,67.46,46,30,2.51
42,Alofi,NU,2022-05-25 02:27:08,-19.0595,-169.9187,82.29,74,75,10.36
43,Wewak,PG,2022-05-25 02:27:09,-3.5534,143.6268,85.53,69,66,6.13
44,Lianran,CN,2022-05-25 02:27:09,24.9227,102.485,68.54,78,91,3.71
45,Saskylakh,RU,2022-05-25 02:27:10,71.9167,114.0833,30.52,91,100,11.25
46,Hermanus,ZA,2022-05-25 02:27:11,-34.4187,19.2345,60.49,86,100,10.18
47,Mahebourg,MU,2022-05-25 02:28:12,-20.4081,57.7,70.25,94,40,3.44
48,Ostrovnoy,RU,2022-05-25 02:28:12,68.0531,39.5131,32.7,87,100,9.15
49,Kodiak,US,2022-05-25 02:28:13,57.79,-152.4072,47.71,81,100,8.05
50,Luau,AO,2022-05-25 02:28:15,-10.7073,22.2247,53.08,47,97,5.12
51,Axim,GH,2022-05-25 02:28:16,4.8699,-2.2405,78.3,83,100,6.44
52,Kinel-Cherkassy,RU,2022-05-25 02:28:16,53.4706,51.4743,46.65,78,30,4.05
53,Qaanaaq,GL,2022-05-25 02:28:17,77.484,-69.3632,21.04,83,55,3.94
54,Khatanga,RU,2022-05-25 02:28:18,71.9667,102.5,33.31,78,100,2.44
55,Taoudenni,ML,2022-05-25 02:28:18,22.6783,-3.9836,90.79,10,0,5.73
56,Keshorai Patan,IN,2022-05-25 02:28:19,25.3,75.9333,90.72,30,0,15.12
57,Asau,RO,2022-05-25 02:28:20,46.4333,26.4,51.28,90,46,3.44
58,Pangkalanbuun,ID,2022-05-25 02:28:20,-2.6833,111.6167,83.89,86,99,2.71
59,Bluff,NZ,2022-05-25 02:28:21,-46.6,168.3333,48.79,72,99,18.25
60,Cape Town,ZA,2022-05-25 02:23:45,-33.9258,18.4232,60.28,93,75,3.44
61,Liku,ID,2022-05-25 02:28:22,-0.7275,119.8922,88.54,56,75,0.38
62,San Fernando,PH,2022-05-25 02:28:23,15.0286,120.6898,89.33,56,100,5.35
63,Impfondo,CG,2022-05-25 02:28:24,1.6381,18.0667,69.39,89,100,1.16
64,Lorengau,PG,2022-05-25 02:28:25,-2.0226,147.2712,85.33,67,74,7.63
65,Puerto Ayora,EC,2022-05-25 02:28:27,-0.7393,-90.3518,72.55,95,80,7.0
66,Bonavista,CA,2022-05-25 02:24:31,48.6499,-53.1147,37.58,70,1,10.11
67,Oktyabrskoye,RU,2022-05-25 02:28:28,43.0645,44.7417,48.34,93,100,4.47
68,Pekan,MY,2022-05-25 02:28:29,3.4836,103.3996,82.51,83,100,4.99
69,Nanortalik,GL,2022-05-25 02:28:30,60.1432,-45.2371,32.04,69,2,31.16
70,Tezu,IN,2022-05-25 02:28:30,27.9167,96.1667,79.65,79,99,0.18
71,Lebu,CL,2022-05-25 02:28:31,-37.6167,-73.65,47.86,86,19,3.51
72,Carnarvon,AU,2022-05-25 02:28:32,-24.8667,113.6333,70.75,58,65,10.07
73,Sept-Iles,CA,2022-05-25 02:28:33,50.2001,-66.3821,45.12,65,20,2.3
74,Yellowknife,CA,2022-05-25 02:28:33,62.456,-114.3525,48.72,31,20,9.22
75,Atbasar,KZ,2022-05-25 02:28:34,51.8,68.3333,64.76,42,100,10.11
76,Clonakilty,IE,2022-05-25 02:28:35,51.6231,-8.8706,52.09,91,100,22.86
77,Bethel,US,2022-05-25 02:24:16,41.3712,-73.414,57.36,71,0,4.61
78,Leningradskiy,RU,2022-05-25 02:28:36,69.3833,178.4167,49.35,64,100,8.61
79,Rawson,AR,2022-05-25 02:28:37,-43.3002,-65.1023,42.76,46,6,12.48
80,Jamestown,US,2022-05-25 02:28:39,42.097,-79.2353,56.95,87,0,4.61
81,Hithadhoo,MV,2022-05-25 02:28:40,-0.6,73.0833,82.45,69,7,1.54
82,Surgut,RU,2022-05-25 02:28:40,61.25,73.4167,59.18,76,0,11.18
83,Belaya Gora,RU,2022-05-25 02:28:41,68.5333,146.4167,53.71,48,58,13.51
84,Comodoro Rivadavia,AR,2022-05-25 02:28:43,-45.8667,-67.5,39.06,48,0,11.5
85,Noumea,NC,2022-05-25 02:27:16,-22.2763,166.4572,84.18,99,54,1.95
86,Kahului,US,2022-05-25 02:25:42,20.8947,-156.47,78.82,70,40,18.41
87,Saint-Philippe,RE,2022-05-25 02:28:44,-21.3585,55.7679,67.59,78,57,9.19
88,Wenling,CN,2022-05-25 02:28:45,28.3669,121.36,73.71,81,37,5.5
89,Chicama,PE,2022-05-25 02:28:46,-7.8447,-79.1469,59.54,84,25,6.53
90,Avarua,CK,2022-05-25 02:28:47,-21.2078,-159.775,82.45,74,20,5.75
91,Nikolskoye,RU,2022-05-25 02:28:48,59.7035,30.7861,41.88,90,0,0.94
92,Airai,TL,2022-05-25 02:29:49,-8.9266,125.4092,71.8,66,93,3.8
93,Cabo San Lucas,MX,2022-05-25 02:25:00,22.8909,-109.9124,76.3,54,0,7.0
94,Bambous Virieux,MU,2022-05-25 02:29:49,-20.3428,57.7575,70.21,94,40,3.44
95,Mar Del Plata,AR,2022-05-25 02:29:50,-38.0023,-57.5575,44.1,92,96,3.44
96,Upernavik,GL,2022-05-25 02:29:51,72.7868,-56.1549,20.46,64,100,8.99
97,Norman Wells,CA,2022-05-25 02:29:52,65.282,-126.8329,57.24,35,75,14.97
98,Atambua,ID,2022-05-25 02:29:52,-9.1061,124.8925,83.53,62,78,1.36
99,San Angelo,US,2022-05-25 02:25:17,31.4638,-100.437,62.82,90,100,8.01
100,Kajaani,FI,2022-05-25 02:29:53,64.2273,27.7285,46.45,49,0,6.91
101,Vardo,NO,2022-05-25 02:29:54,70.3705,31.1107,39.18,87,100,13.8
102,Atuona,PF,2022-05-25 02:29:55,-9.8,-139.0333,77.86,78,18,15.01
103,Lazaro Cardenas,MX,2022-05-25 02:29:56,17.9583,-102.2,77.47,79,36,7.18
104,Luis Gil Perez,MX,2022-05-25 02:29:57,17.8667,-93.05,84.16,58,88,7.43
105,Suna,RU,2022-05-25 02:29:58,57.8338,50.0588,36.3,91,97,0.83
106,Port Elizabeth,ZA,2022-05-25 02:29:58,-33.918,25.5701,61.09,82,0,12.66
107,Caravelas,BR,2022-05-25 02:29:36,-17.7125,-39.2481,70.7,85,42,7.74
108,Moussoro,TD,2022-05-25 02:30:00,13.6408,16.4901,84.04,9,92,4.56
109,Ulundi,ZA,2022-05-25 02:30:01,-28.3352,31.4162,57.6,64,5,3.4
110,Talnakh,RU,2022-05-25 02:30:02,69.4865,88.3972,36.21,99,94,5.12
111,Plyussa,RU,2022-05-25 02:30:03,58.4308,29.3654,41.0,81,0,3.36
112,Tasiilaq,GL,2022-05-25 02:30:04,65.6145,-37.6368,32.16,98,100,5.35
113,Los Llanos De Aridane,ES,2022-05-25 02:30:05,28.6585,-17.9182,64.15,79,100,14.97
114,Nyurba,RU,2022-05-25 02:30:06,63.2842,118.3319,47.64,47,97,10.11
115,Kununurra,AU,2022-05-25 02:27:19,-15.7667,128.7333,89.58,29,7,8.05
116,Baykit,RU,2022-05-25 02:30:07,61.67,96.37,54.39,93,100,1.63
117,San Vicente,AR,2022-05-25 02:30:09,-26.6167,-54.1333,55.76,88,0,3.2
118,Roma,US,2022-05-25 02:30:09,43.2128,-75.4557,64.54,61,75,6.91
119,Lasa,IT,2022-05-25 02:30:11,46.6166,10.7002,56.28,97,98,2.19
120,Santa Cruz,BO,2022-05-25 02:30:12,-17.8,-63.1667,74.66,83,40,6.91
121,San Patricio,US,2022-05-25 02:30:13,28.017,-97.5169,80.46,79,9,17.81
122,Cap Malheureux,MU,2022-05-25 02:30:14,-19.9842,57.6142,70.47,81,25,1.01
123,Laguna,US,2022-05-25 02:30:15,38.421,-121.4238,96.76,16,0,9.22
124,Sobolevo,RU,2022-05-25 02:30:15,54.4299,31.8996,41.7,74,0,5.82
125,Honningsvag,NO,2022-05-25 02:30:17,70.9821,25.9704,51.55,54,100,10.36
126,Pemalang,ID,2022-05-25 02:30:18,-6.9,109.3667,85.77,67,50,2.1
127,Alta Floresta,BR,2022-05-25 02:30:20,-9.8756,-56.0861,70.68,77,34,3.49
128,Lompoc,US,2022-05-25 02:30:22,34.6391,-120.4579,70.59,77,0,11.5
129,Clyde River,CA,2022-05-25 02:30:23,70.4692,-68.5914,16.03,57,100,2.3
130,Coos Bay,US,2022-05-25 02:26:39,43.3665,-124.2179,63.99,86,0,3.44
131,Gejiu,CN,2022-05-25 02:30:25,23.306,103.1635,61.72,87,100,5.17
132,Novozybkov,RU,2022-05-25 02:30:25,52.5396,31.9275,46.56,79,88,6.55
133,Changji,CN,2022-05-25 02:30:26,44.0167,87.3167,81.39,28,0,11.18
134,Shingu,JP,2022-05-25 02:30:27,33.7333,135.9833,73.11,65,71,8.66
135,Naze,JP,2022-05-25 02:30:27,28.3667,129.4833,72.52,91,100,16.13
136,Saint George,US,2022-05-25 02:27:57,37.1041,-113.5841,85.95,9,0,10.36
137,High Level,CA,2022-05-25 02:30:09,58.5169,-117.136,53.71,54,75,10.36
138,Provideniya,RU,2022-05-25 02:31:29,64.3833,-173.3,39.31,81,0,11.18
139,Butaritari,KI,2022-05-25 02:31:30,3.0707,172.7902,81.41,78,100,8.34
140,Fairbanks,US,2022-05-25 02:31:10,64.8378,-147.7164,65.61,26,0,9.22
141,Lagoa,PT,2022-05-25 02:31:31,39.05,-27.9833,60.8,82,7,13.47
142,Ponta Do Sol,PT,2022-05-25 02:31:31,32.6667,-17.1,65.03,62,56,8.03
143,Ribeira Grande,PT,2022-05-25 02:31:32,38.5167,-28.7,62.73,85,41,12.95
144,Shakiso,ET,2022-05-25 02:31:33,5.75,38.9167,57.83,97,79,2.33
145,Bandarbeyla,SO,2022-05-25 02:31:34,9.4942,50.8122,82.29,70,29,20.2
146,Gravdal,NO,2022-05-25 02:31:35,68.1214,13.5031,49.21,78,93,7.74
147,Nemuro,JP,2022-05-25 02:31:35,43.3236,145.575,47.32,80,65,12.62
148,Salym,RU,2022-05-25 02:31:36,60.0625,71.4789,60.67,85,94,5.7
149,Cartagena Del Chaira,CO,2022-05-25 02:31:37,1.3349,-74.8429,71.85,99,100,1.1
150,Wuda,CN,2022-05-25 02:31:38,39.4994,106.7117,71.62,18,97,12.59
151,Rio Gallegos,AR,2022-05-25 02:31:37,-51.6226,-69.2181,32.05,100,0,17.27
152,Zarubino,RU,2022-05-25 02:31:40,42.63,131.0922,59.41,79,100,9.66
153,Bereda,ES,2022-05-25 02:31:40,43.2686,-7.5406,48.42,95,100,1.03
154,Wasilla,US,2022-05-25 02:30:21,61.5814,-149.4394,57.29,72,100,8.05
155,San Quintin,MX,2022-05-25 02:31:42,30.4833,-115.95,60.71,77,6,3.51
156,Constitucion,CL,2022-05-25 02:31:43,-35.3333,-72.4167,52.05,88,60,6.13
157,Egvekinot,RU,2022-05-25 02:31:44,66.3167,-179.1667,46.83,60,97,6.82
158,Vilkija,LT,2022-05-25 02:31:45,55.05,23.5833,53.53,76,100,6.93
159,Carutapera,BR,2022-05-25 02:31:45,-1.195,-46.02,74.12,93,47,4.76
160,Yumen,CN,2022-05-25 02:31:46,40.2833,97.2,72.91,18,80,31.59
161,Heihe,CN,2022-05-25 02:31:47,50.2441,127.4902,66.78,34,1,11.95
162,San Ignacio,BZ,2022-05-25 02:31:48,17.1561,-89.0714,78.94,83,75,18.41
163,Tirlyanskiy,RU,2022-05-25 02:31:50,54.2109,58.5806,54.0,91,100,8.7
164,Tuktoyaktuk,CA,2022-05-25 02:31:52,69.4541,-133.0374,50.0,40,75,5.75
165,Batemans Bay,AU,2022-05-25 02:31:56,-35.7167,150.1833,60.1,62,42,4.45
166,Pout,SN,2022-05-25 02:31:59,14.7739,-17.0603,70.56,88,75,10.36
167,Castro,BR,2022-05-25 02:28:39,-24.7911,-50.0119,52.45,87,0,3.62
168,Bestobe,KZ,2022-05-25 02:32:03,52.4994,73.0975,72.21,39,1,10.04
169,Iqaluit,CA,2022-05-25 02:30:13,63.7506,-68.5145,31.73,86,100,17.27
170,Tulun,RU,2022-05-25 02:32:05,54.5611,100.5792,71.62,31,0,7.54
171,Petropavlovsk-Kamchatskiy,RU,2022-05-25 02:32:06,53.0452,158.6483,55.99,58,0,15.66
172,Mathbaria,BD,2022-05-25 02:32:07,22.2876,89.9593,90.86,52,91,5.5
173,Olafsvik,IS,2022-05-25 02:32:09,64.8945,-23.7142,43.03,88,100,6.42
174,Ilulissat,GL,2022-05-25 02:32:15,69.2167,-51.1,21.22,73,75,0.0
175,Mayo,US,2022-05-25 02:32:18,38.8876,-76.5119,63.01,74,75,4.61
176,Tacotalpa,MX,2022-05-25 02:32:21,17.6,-92.8167,84.09,70,45,5.82
177,Gbadolite,CD,2022-05-25 02:32:24,4.2833,21.0167,70.21,91,100,2.8
178,Ahipara,NZ,2022-05-25 02:32:30,-35.1667,173.1667,62.6,63,68,11.68
179,Mafinga,TZ,2022-05-25 02:33:32,-7.25,35.0667,62.92,82,89,2.91
180,Dikson,RU,2022-05-25 02:33:34,73.5069,80.5464,28.42,75,100,6.67
181,Inhambane,MZ,2022-05-25 02:33:35,-23.865,35.3833,65.35,93,1,6.33
182,Klaksvik,FO,2022-05-25 02:33:37,62.2266,-6.589,47.32,90,100,18.37
183,San Ramon,US,2022-05-25 02:31:51,37.7799,-121.978,93.42,22,0,12.66
184,Sena Madureira,BR,2022-05-25 02:33:39,-9.0656,-68.6569,76.41,80,99,0.98
185,Pisco,PE,2022-05-25 02:33:40,-13.7,-76.2167,62.02,88,20,3.44
186,Grand Gaube,MU,2022-05-25 02:33:41,-20.0064,57.6608,70.38,81,23,1.01
187,Wahiawa,US,2022-05-25 02:30:33,21.5028,-158.0236,80.92,62,83,7.72
188,Krasnaya Polyana,RU,2022-05-25 02:33:43,56.242,51.1442,42.48,80,76,4.32
189,Kamaishi,JP,2022-05-25 02:33:44,39.2667,141.8833,69.46,63,14,9.31
190,Saint-Augustin,CA,2022-05-25 02:33:45,51.226,-58.6502,45.55,73,59,4.59
191,Longyearbyen,SJ,2022-05-25 02:33:47,78.2186,15.6401,39.04,75,75,25.32
192,Bilma,NE,2022-05-25 02:33:48,18.6853,12.9164,84.24,10,6,7.87
193,Bengkulu,ID,2022-05-25 02:30:56,-3.8004,102.2655,74.21,96,100,3.8
194,Santa Vitoria Do Palmar,BR,2022-05-25 02:33:50,-33.5189,-53.3681,59.38,90,100,4.41
195,Aykhal,RU,2022-05-25 02:33:51,66.0,111.5,40.35,53,96,12.35
196,Portland,US,2022-05-25 02:30:00,45.5234,-122.6762,63.99,73,100,8.05
197,Kaitangata,NZ,2022-05-25 02:33:53,-46.2817,169.8464,43.32,86,100,14.63
198,Narsaq,GL,2022-05-25 02:30:50,60.9167,-46.05,37.62,45,9,11.74
199,Severo-Kurilsk,RU,2022-05-25 02:32:17,50.6789,156.125,44.31,83,63,7.94
200,La Palma,US,2022-05-25 02:33:56,33.8464,-118.0467,78.31,77,20,11.5
201,Alugan,PH,2022-05-25 02:34:00,12.2188,125.4808,85.8,70,82,11.74
202,Poronaysk,RU,2022-05-25 02:34:01,49.2167,143.1167,42.98,97,100,5.37
203,Payo,ID,2022-05-25 02:34:02,-3.7508,103.6372,77.41,94,100,2.42
204,Sur,OM,2022-05-25 02:34:03,22.5667,59.5289,91.02,44,0,10.94
205,Codrington,AU,2022-05-25 02:34:04,-38.2667,141.9667,65.01,57,100,15.23
206,Raudeberg,NO,2022-05-25 02:34:05,61.9875,5.1352,51.87,78,85,16.42
207,Sinnamary,GF,2022-05-25 02:34:06,5.3833,-52.95,78.1,88,60,8.52
208,Zhigansk,RU,2022-05-25 02:34:07,66.7697,123.3711,36.0,95,100,17.45
209,Pozo Colorado,PY,2022-05-25 02:34:09,-23.4923,-58.7972,74.57,51,38,9.13
210,Skjervoy,NO,2022-05-25 02:34:12,70.0311,20.9714,53.6,66,100,17.11
211,Tessalit,ML,2022-05-25 02:34:16,20.1986,1.0114,83.82,24,50,9.98
212,Komsomolskiy,UZ,2022-05-25 02:34:17,40.4272,71.7189,70.52,46,87,0.0
213,Vestmannaeyjar,IS,2022-05-25 02:34:19,63.4427,-20.2734,44.4,80,100,5.79
214,Sukaraja,ID,2022-05-25 02:34:21,-7.4519,108.1944,84.78,67,98,3.78
215,Limulunga,ZM,2022-05-25 02:34:23,-15.0969,23.1376,49.8,48,0,4.5
216,Yatou,CN,2022-05-25 02:34:24,37.15,122.3833,64.35,80,100,13.35
217,Amapa,BR,2022-05-25 02:34:26,1.0,-52.0,70.75,99,27,1.9
218,Thompson,CA,2022-05-25 02:34:27,55.7435,-97.8558,46.56,36,20,2.3
219,Urumqi,CN,2022-05-25 02:34:28,43.801,87.6005,77.95,28,0,11.18
220,Lazarev,RU,2022-05-25 02:34:30,52.225,141.5131,33.57,96,95,5.14
221,Sao Joao Da Barra,BR,2022-05-25 02:31:09,-21.6403,-41.0511,70.5,77,30,7.02
222,Westport,US,2022-05-25 02:30:07,41.1415,-73.3579,58.62,80,0,4.0
223,Beyla,GN,2022-05-25 02:34:33,8.6833,-8.6333,66.58,99,100,1.97
224,Auki,SB,2022-05-25 02:34:36,-8.7676,160.7034,83.62,72,35,5.17
225,Wajima,JP,2022-05-25 02:34:37,37.4,136.9,81.28,47,20,5.75
226,Toba,JP,2022-05-25 02:34:39,34.4833,136.85,73.4,74,95,11.86
227,Champerico,GT,2022-05-25 02:35:43,14.3,-91.9167,81.1,77,44,6.24
228,Port Alfred,ZA,2022-05-25 02:35:47,-33.5906,26.891,59.18,91,61,1.01
229,Noormarkku,FI,2022-05-25 02:35:51,61.5927,21.8685,46.18,66,0,6.91
230,Sioux Lookout,CA,2022-05-25 02:35:54,50.1001,-91.917,60.87,48,40,4.61
231,Shenjiamen,CN,2022-05-25 02:35:56,29.9576,122.298,68.45,85,64,4.99
232,Hobyo,SO,2022-05-25 02:35:57,5.3505,48.5268,79.57,78,95,20.13
233,Itaituba,BR,2022-05-25 02:36:01,-4.2761,-55.9836,76.15,85,99,2.26
234,Beni Suef,EG,2022-05-25 02:36:05,29.0731,31.0979,69.93,50,0,7.18
235,Tungor,RU,2022-05-25 02:36:10,53.3808,142.9564,38.19,84,96,14.9
236,Locri,IT,2022-05-25 02:36:15,38.2414,16.2623,68.77,52,2,1.61
237,Russell,US,2022-05-25 02:36:19,32.3502,-85.1999,72.37,94,20,0.0
238,Nome,US,2022-05-25 02:36:20,64.5011,-165.4064,59.11,58,0,8.05
239,Nieuw Amsterdam,SR,2022-05-25 02:36:21,5.8833,-55.0833,79.02,90,100,7.94
240,Ilebo,CD,2022-05-25 02:36:23,-4.3167,20.5833,69.64,99,100,0.56
241,Souillac,MU,2022-05-25 02:36:24,-20.5167,57.5167,70.18,94,40,3.44
242,San Cristobal,VE,2022-05-25 02:36:27,7.7669,-72.225,75.38,98,96,3.04
243,Pokhvistnevo,RU,2022-05-25 02:36:32,53.6524,52.1274,50.54,69,88,5.28
244,Ferkessedougou,CI,2022-05-25 02:36:34,9.6,-5.2,72.68,91,99,6.11
245,Porto Walter,BR,2022-05-25 02:36:34,-8.2686,-72.7439,70.81,98,8,1.03
246,Lubumbashi,CD,2022-05-25 02:36:35,-11.6609,27.4794,50.94,61,75,3.62
247,Port Hawkesbury,CA,2022-05-25 02:36:36,45.6169,-61.3485,43.63,92,40,2.3
248,Pevek,RU,2022-05-25 02:36:37,69.7008,170.3133,35.06,87,96,5.23
249,Cherskiy,RU,2022-05-25 02:36:39,68.75,161.3,54.21,41,8,7.99
250,Dingle,PH,2022-05-25 02:36:40,10.9995,122.6711,89.51,62,88,8.59
251,Oga,IT,2022-05-25 02:36:41,46.4631,10.347,50.81,98,96,1.43
252,Olinda,BR,2022-05-25 02:36:42,-8.0089,-34.8553,74.93,100,75,5.75
253,Wageningen,NL,2022-05-25 02:36:44,51.9667,5.6667,49.91,92,1,2.3
254,Coihaique,CL,2022-05-25 02:36:46,-45.5752,-72.0662,27.21,93,0,3.44
255,Katsuura,JP,2022-05-25 02:36:48,35.1333,140.3,70.7,69,100,9.46
256,Khorixas,NA,2022-05-25 02:36:50,-20.3667,14.9667,60.13,36,0,3.8
257,Celestun,MX,2022-05-25 02:36:52,20.8667,-90.4,80.85,65,26,15.39
258,Marystown,CA,2022-05-25 02:36:53,47.1666,-55.1483,40.86,100,44,9.46
259,San Jose,US,2022-05-25 02:34:33,37.3394,-121.895,92.08,29,20,14.97
260,Muros,ES,2022-05-25 02:36:56,42.7762,-9.0603,49.08,93,100,5.59
261,Fray Bentos,UY,2022-05-25 02:32:00,-33.1325,-58.2956,61.74,88,100,4.79
262,Havoysund,NO,2022-05-25 02:36:57,70.9963,24.6622,50.23,57,100,14.7
263,Kavieng,PG,2022-05-25 02:36:58,-2.5744,150.7967,84.58,67,100,8.81
264,Loudi,CN,2022-05-25 02:36:59,27.7344,111.9944,79.75,71,52,2.98
265,Conde,BR,2022-05-25 02:37:01,-7.2597,-34.9075,72.86,100,75,5.75
266,Lubao,PH,2022-05-25 02:37:02,14.9167,120.55,89.31,58,100,5.82
267,Kanniyakumari,IN,2022-05-25 02:37:04,8.0833,77.5667,82.0,78,99,13.6
268,Buin,CL,2022-05-25 02:37:06,-33.7333,-70.75,64.06,68,100,1.19
269,Bagdarin,RU,2022-05-25 02:37:08,54.4333,113.6,67.26,23,4,6.53
270,Kudahuvadhoo,MV,2022-05-25 02:37:10,2.6708,72.8944,82.35,74,50,2.73
271,Labuhan,ID,2022-05-25 02:37:12,-6.8844,112.2051,85.84,69,76,11.01
272,Mtwara,TZ,2022-05-25 02:38:13,-10.2667,40.1833,72.25,93,5,8.86
273,Port Blair,IN,2022-05-25 02:38:14,11.6667,92.75,83.95,77,42,18.21
274,Tam Ky,VN,2022-05-25 02:38:14,15.5667,108.4833,83.61,73,100,2.39
275,Marabba,SD,2022-05-25 02:38:15,12.35,32.1833,81.73,59,91,15.7
276,Jinchang,CN,2022-05-25 02:38:16,38.4953,102.1739,62.28,32,100,6.73
277,Namibe,AO,2022-05-25 02:38:16,-15.1961,12.1522,65.21,72,0,7.29
278,Yeppoon,AU,2022-05-25 02:38:18,-23.1333,150.7333,74.98,74,87,12.75
279,Lata,PT,2022-05-25 02:38:19,40.1629,-8.3327,59.81,96,100,3.38
280,Pacific Grove,US,2022-05-25 02:38:19,36.6177,-121.9166,73.51,68,0,1.99
281,Saint Anthony,US,2022-05-25 02:38:20,45.0205,-93.218,62.49,38,0,8.05
282,Tarata,BO,2022-05-25 02:38:21,-17.6167,-66.0167,55.08,72,0,5.01
283,Mpanda,TZ,2022-05-25 02:38:21,-6.3655,31.0409,66.11,72,91,1.81
284,New Norfolk,AU,2022-05-25 02:38:21,-42.7826,147.0587,58.91,56,0,2.62
285,Gagnoa,CI,2022-05-25 02:38:22,6.1293,-5.9437,70.34,99,100,1.19
286,Monrovia,LR,2022-05-25 02:38:23,6.3005,-10.7969,74.46,93,100,10.02
287,Tabou,CI,2022-05-25 02:38:23,4.423,-7.3528,73.51,91,100,6.53
288,Victoria,HK,2022-05-25 02:38:24,22.2855,114.1577,81.97,90,100,8.99
289,Phek,IN,2022-05-25 02:38:24,25.6667,94.5,66.18,84,95,2.06
290,Kavaratti,IN,2022-05-25 02:38:25,10.5669,72.642,83.26,78,13,8.75
291,Huarmey,PE,2022-05-25 02:38:25,-10.0681,-78.1522,64.06,87,1,8.19
292,Soma,TR,2022-05-25 02:38:26,39.1855,27.6094,65.34,66,6,2.15
293,Viedma,AR,2022-05-25 02:38:26,-40.8135,-62.9967,47.16,62,66,8.41
294,Aksu,CN,2022-05-25 02:38:27,41.1231,80.2644,83.16,21,100,11.95
295,Halifax,CA,2022-05-25 02:33:59,44.6453,-63.5724,46.4,89,40,2.3
296,Acapulco,MX,2022-05-25 02:38:29,16.8634,-99.8901,82.22,78,100,9.22
297,Ust-Ishim,RU,2022-05-25 02:38:30,57.6935,71.1665,69.03,50,95,6.17
298,Belgaum,IN,2022-05-25 02:38:30,15.8667,74.5,73.31,83,20,3.44
299,Mandera,KE,2022-05-25 02:38:31,3.9366,41.867,77.05,72,83,8.59
300,Singaparna,ID,2022-05-25 02:38:31,-7.3515,108.111,82.6,68,100,3.53
301,Shubarshi,KZ,2022-05-25 02:38:32,48.5872,57.1869,55.29,82,100,15.03
302,Beringovskiy,RU,2022-05-25 02:38:32,63.05,179.3167,43.27,63,3,6.6
303,Saint Albans,GB,2022-05-25 02:38:33,51.75,-0.3333,49.71,90,88,5.75
304,Kungurtug,RU,2022-05-25 02:38:33,50.5994,97.5228,70.72,31,26,1.36
305,Shangzhi,CN,2022-05-25 02:38:34,45.2167,127.9667,50.11,96,100,11.92
306,Kargasok,RU,2022-05-25 02:38:34,59.0556,80.8572,70.43,54,51,2.42
307,Muriwai Beach,NZ,2022-05-25 02:38:35,-36.8167,174.45,63.36,69,33,13.71
308,Chaparral,CO,2022-05-25 02:38:36,3.7232,-75.4832,67.5,93,100,4.61
309,Vallenar,CL,2022-05-25 02:38:36,-28.5708,-70.7581,61.84,49,78,0.92
310,Puerto Asis,CO,2022-05-25 02:38:37,0.5133,-76.5007,71.06,99,100,0.45
311,Verkhoshizhemye,RU,2022-05-25 02:38:37,58.011,49.1038,37.38,82,18,1.41
312,Asyut,EG,2022-05-25 02:38:38,27.181,31.1837,71.78,35,0,7.05
313,Yazoo City,US,2022-05-25 02:38:38,32.8551,-90.4056,71.71,91,100,8.97
314,Teguise,ES,2022-05-25 02:38:39,29.0605,-13.564,64.62,68,100,12.66
315,Nagar Karnul,IN,2022-05-25 02:38:40,16.4821,78.3247,88.59,44,100,12.03
316,Manokwari,ID,2022-05-25 02:38:41,-0.8667,134.0833,83.71,72,83,14.07
317,Merced,US,2022-05-25 02:35:33,37.1666,-120.7516,93.54,16,7,5.88
318,Maragogi,BR,2022-05-25 02:38:42,-9.0122,-35.2225,76.1,89,100,9.51
319,Rorvik,NO,2022-05-25 02:38:42,64.8621,11.2373,54.95,64,86,22.97
320,Puerto Del Rosario,ES,2022-05-25 02:39:43,28.5004,-13.8627,67.75,68,100,21.85
321,Hamilton,US,2022-05-25 02:38:26,39.1834,-84.5333,68.88,81,0,11.5
322,Tuy Hoa,VN,2022-05-25 02:39:43,13.0833,109.3,89.89,60,98,9.82
323,Nieuw Nickerie,SR,2022-05-25 02:39:44,5.95,-56.9833,77.74,89,6,10.49
324,Chuy,UY,2022-05-25 02:39:44,-33.6971,-53.4616,58.89,91,100,4.23
325,Corbu,RO,2022-05-25 02:39:45,44.3833,28.65,56.52,94,100,5.75
326,Kangaatsiaq,GL,2022-05-25 02:39:45,68.3065,-53.4641,23.56,58,86,4.99
327,Atar,MR,2022-05-25 02:39:46,20.5169,-13.0499,84.9,28,4,3.38
328,Rocha,UY,2022-05-25 02:39:46,-34.4833,-54.3333,59.76,84,100,2.66
329,Villa Carlos Paz,AR,2022-05-25 02:39:47,-31.4241,-64.4978,53.38,50,56,3.0
330,Tuatapere,NZ,2022-05-25 02:39:47,-46.1333,167.6833,47.07,79,100,10.96
331,Namatanai,PG,2022-05-25 02:39:48,-3.6667,152.4333,85.73,62,100,5.99
332,Dilla,ET,2022-05-25 02:39:49,6.41,38.31,59.16,93,61,3.8
333,Izhma,RU,2022-05-25 02:39:49,65.0083,53.9113,47.41,80,100,6.78
334,Padang,ID,2022-05-25 02:39:49,-0.9492,100.3543,78.85,96,100,7.65
335,Omboue,GA,2022-05-25 02:39:50,-1.5746,9.2618,73.56,85,99,7.67
336,Hofn,IS,2022-05-25 02:39:50,64.2539,-15.2082,45.97,86,100,6.04
337,Mackay,AU,2022-05-25 02:35:03,-21.15,149.2,77.68,77,100,14.79
338,Tiksi,RU,2022-05-25 02:39:51,71.6872,128.8694,32.29,99,100,12.33
339,Praia Da Vitoria,PT,2022-05-25 02:39:52,38.7333,-27.0667,60.76,94,20,7.56
340,Mancheral,IN,2022-05-25 02:39:52,18.8667,79.4333,94.73,32,91,2.01
341,Steinbach,DE,2022-05-25 02:39:52,50.1667,8.5667,52.99,90,0,2.3
342,Santa Rita,BR,2022-05-25 02:39:53,-7.1139,-34.9781,74.07,100,75,5.75
343,Faya,SA,2022-05-25 02:39:53,18.3851,42.4509,66.72,39,6,3.89
344,Nalut,LY,2022-05-25 02:39:54,30.3333,10.85,74.64,14,0,9.62
345,Pathanamthitta,IN,2022-05-25 02:39:54,9.2667,76.7833,80.64,85,73,1.7
346,Thinadhoo,MV,2022-05-25 02:39:55,0.5333,72.9333,82.94,68,70,1.92
347,Laon,FR,2022-05-25 02:39:56,49.5667,3.6667,44.22,92,0,4.27
348,Shenzhen,CN,2022-05-25 02:39:56,22.5455,114.0683,81.86,93,100,4.85
349,Lincoln,US,2022-05-25 02:36:27,40.8,-96.667,50.29,96,100,14.97
350,Lavrentiya,RU,2022-05-25 02:39:57,65.5833,-171.0,39.43,93,100,6.71
351,Marawi,PH,2022-05-25 02:39:58,7.9986,124.2928,82.26,63,100,2.35
352,Trinidad,BO,2022-05-25 02:35:20,-14.8333,-64.9,72.18,88,86,2.37
353,Lakhi,PK,2022-05-25 02:39:59,27.8496,68.6994,82.29,54,0,9.22
354,Ortona,IT,2022-05-25 02:39:59,42.3496,14.4039,68.16,91,45,2.51
355,Svetlyy,RU,2022-05-25 02:40:01,54.675,20.1347,56.97,97,100,5.64
356,Hue,VN,2022-05-25 02:40:02,16.4667,107.6,87.91,70,20,2.3
357,Fortuna,US,2022-05-25 02:40:03,40.5982,-124.1573,59.92,73,0,13.8
358,Tukrah,LY,2022-05-25 02:40:04,32.5341,20.5791,71.74,31,0,5.88
359,Tchibanga,GA,2022-05-25 02:40:05,-2.85,11.0333,68.41,92,92,0.74
360,Ratzeburg,DE,2022-05-25 02:40:06,53.7,10.7667,51.42,83,40,2.3
361,Kantang,TH,2022-05-25 02:40:07,7.4054,99.5156,87.89,99,20,2.3
362,Kaspiysk,RU,2022-05-25 02:40:07,42.8816,47.6392,59.23,82,20,4.47
363,Kefamenanu,ID,2022-05-25 02:40:08,-9.4467,124.4781,83.52,62,79,6.4
364,Methoni,GR,2022-05-25 02:40:08,36.8197,21.7049,68.22,67,0,9.24
365,Sturgeon Falls,CA,2022-05-25 02:40:09,46.3646,-79.9326,53.1,70,100,4.74
366,Deputatskiy,RU,2022-05-25 02:40:10,69.3,139.9,33.46,89,100,4.27
367,Hasaki,JP,2022-05-25 02:40:10,35.7333,140.8333,82.29,68,48,12.84
368,Saldanha,ZA,2022-05-25 02:41:11,-33.0117,17.9442,59.05,92,41,0.74
369,Luderitz,NA,2022-05-25 02:41:12,-26.6481,15.1594,58.03,70,0,6.98
370,Nantucket,US,2022-05-25 02:41:12,41.2835,-70.0995,52.02,86,0,4.61
371,Sorong,ID,2022-05-25 02:41:13,-0.8833,131.25,76.28,93,100,14.54
372,Abapo,BO,2022-05-25 02:41:14,-18.8333,-63.4667,60.91,91,0,2.21
373,Chapais,CA,2022-05-25 02:41:15,49.7834,-74.8492,46.18,71,7,7.11
374,Bulgan,MN,2022-05-25 02:41:16,48.8125,103.5347,63.39,29,0,5.35
375,Barcelos,PT,2022-05-25 02:41:16,41.5388,-8.6151,53.92,92,100,5.1
376,Geraldton,AU,2022-05-25 02:37:40,-28.7667,114.6,68.41,73,53,12.66
377,Jiazi,CN,2022-05-25 02:41:17,22.8779,116.067,74.98,93,100,7.83
378,Redmond,US,2022-05-25 02:36:27,47.674,-122.1215,58.33,76,100,1.99
379,Ojinaga,MX,2022-05-25 02:41:18,29.5667,-104.4167,89.42,18,0,9.22
380,Piacabucu,BR,2022-05-25 02:41:19,-10.4056,-36.4344,75.4,88,61,10.07
381,Porbandar,IN,2022-05-25 02:41:19,21.6422,69.6093,83.66,70,61,10.89
382,Malanville,BJ,2022-05-25 02:41:20,11.8685,3.3899,83.77,53,37,10.02
383,Roswell,US,2022-05-25 02:41:21,34.0232,-84.3616,73.99,75,20,13.8
384,Strezhevoy,RU,2022-05-25 02:41:21,60.7333,77.5889,57.25,87,100,3.62
385,Port Lincoln,AU,2022-05-25 02:41:22,-34.7333,135.8667,64.98,69,46,17.47
386,Gamba,GA,2022-05-25 02:41:22,-2.65,10.0,72.93,87,97,7.29
387,Pala,TD,2022-05-25 02:41:23,9.3642,14.9046,77.38,59,69,4.54
388,Sao Geraldo Do Araguaia,BR,2022-05-25 02:41:24,-6.4006,-48.555,72.84,74,64,2.39
389,Msanga,TZ,2022-05-25 02:41:24,-6.05,36.0333,64.44,86,100,3.13
390,Rochegda,RU,2022-05-25 02:41:25,62.8,43.25,40.48,76,97,7.58
391,Keti Bandar,PK,2022-05-25 02:41:26,24.1447,67.4497,85.39,69,65,14.9
392,Forecariah,GN,2022-05-25 02:41:27,9.4306,-13.0881,76.05,89,100,1.19
393,Cockburn Town,TC,2022-05-25 02:41:28,21.4612,-71.1419,79.25,69,0,19.35
394,Talakan,RU,2022-05-25 02:41:28,50.3167,130.3667,63.55,48,76,2.98
395,Pangai,TO,2022-05-25 02:41:29,-19.8,-174.35,82.51,78,20,10.36
396,Muscat,OM,2022-05-25 02:38:04,23.6139,58.5922,100.42,43,0,9.69
397,Argalasti,GR,2022-05-25 02:41:30,39.2333,23.2167,65.41,83,2,6.8
398,North Myrtle Beach,US,2022-05-25 02:41:31,33.816,-78.68,75.29,94,75,5.75
399,Roebourne,AU,2022-05-25 02:41:31,-20.7833,117.1333,81.18,38,23,14.18
400,College,US,2022-05-25 02:41:32,64.8569,-147.8028,66.47,26,40,9.22
401,Mayor Pablo Lagerenza,PY,2022-05-25 02:41:33,-19.9309,-60.7718,82.72,44,94,9.44
402,Ust-Maya,RU,2022-05-25 02:41:33,60.4167,134.5333,43.11,94,100,9.75
403,Masuguru,TZ,2022-05-25 02:41:34,-11.3667,38.4167,66.81,97,5,1.59
404,Dukat,RU,2022-05-25 02:41:35,62.55,155.55,45.19,54,100,8.95
405,Torbay,CA,2022-05-25 02:41:36,47.6666,-52.7314,37.58,86,75,13.0
406,Arraial Do Cabo,BR,2022-05-25 02:41:36,-22.9661,-42.0278,72.63,75,12,17.65
407,Sijunjung,ID,2022-05-25 02:41:37,-0.6876,100.9537,73.2,99,100,2.48
408,Durban,ZA,2022-05-25 02:41:38,-29.8579,31.0292,66.02,84,57,5.01
409,Salalah,OM,2022-05-25 02:41:39,17.0151,54.0924,82.49,83,40,1.14
410,Leh,IN,2022-05-25 02:41:39,34.1667,77.5833,48.27,51,96,3.65
411,Tutoia,BR,2022-05-25 02:41:40,-2.7619,-42.2744,75.83,87,78,5.84
412,Nuuk,GL,2022-05-25 02:41:40,64.1835,-51.7216,25.41,80,75,5.75
413,Taihe,CN,2022-05-25 02:41:41,30.8712,105.3845,69.82,89,100,4.56
414,Warrnambool,AU,2022-05-25 02:41:41,-38.3833,142.4833,61.81,60,100,16.06
415,Jalu,LY,2022-05-25 02:41:42,29.0331,21.5482,76.69,12,0,10.16
416,Sitka,US,2022-05-25 02:41:42,57.0531,-135.33,51.69,66,100,10.36
417,Kambove,CD,2022-05-25 02:42:43,-10.8764,26.5969,51.69,59,85,3.96
418,Matagami,CA,2022-05-25 02:42:44,49.7502,-77.6328,55.51,38,0,6.91
419,Isangel,VU,2022-05-25 02:42:44,-19.55,169.2667,78.42,74,91,5.37
420,Valleyview,CA,2022-05-25 02:42:45,55.0667,-117.2859,55.44,50,100,11.5
421,Harper,LR,2022-05-25 02:42:46,4.375,-7.7169,73.87,91,100,5.61
422,Husavik,IS,2022-05-25 02:42:47,66.0449,-17.3389,39.99,96,72,6.55
423,Morondava,MG,2022-05-25 02:42:47,-20.2833,44.2833,70.21,86,1,6.98
424,Atherton,GB,2022-05-25 02:39:54,53.5237,-2.4935,54.21,81,99,1.99
425,Novo Oriente,BR,2022-05-25 02:42:48,-5.5344,-40.7742,75.51,62,98,3.62
426,Tottori,JP,2022-05-25 02:39:16,35.5,134.2333,73.47,68,75,5.75
427,Rossano,IT,2022-05-25 02:42:49,39.5751,16.6349,79.16,37,0,3.29
428,Mamallapuram,IN,2022-05-25 02:42:49,12.6264,80.1722,87.85,70,62,12.71
429,Kamiiso,JP,2022-05-25 02:42:50,41.8167,140.65,70.18,52,40,2.3
430,Quatre Cocos,MU,2022-05-25 02:42:51,-20.2078,57.7625,70.09,71,48,10.85
431,Korla,CN,2022-05-25 02:42:51,41.7597,86.1469,88.93,12,100,23.91
432,Rio Grande,BR,2022-05-25 02:42:52,-32.035,-52.0986,60.96,89,85,6.89
433,Vao,NC,2022-05-25 02:42:52,-22.6667,167.4833,74.97,74,19,14.54
434,Salta,AR,2022-05-25 02:42:53,-24.7859,-65.4117,58.57,80,75,4.61
435,Biloela,AU,2022-05-25 02:42:54,-24.4167,150.5,72.25,62,93,11.81
436,Quelimane,MZ,2022-05-25 02:42:55,-17.8786,36.8883,66.15,94,0,2.3
437,Kitakata,JP,2022-05-25 02:39:17,37.65,139.8667,81.21,34,0,1.3
438,Biltine,TD,2022-05-25 02:42:56,14.5333,20.9167,80.67,9,100,8.79
439,Manta,EC,2022-05-25 02:42:57,-0.95,-80.7333,74.98,78,100,8.05
440,Turbat,PK,2022-05-25 02:42:57,26.0023,63.044,85.33,59,0,3.71
441,Bor,RU,2022-05-25 02:42:59,56.3567,44.0669,34.93,86,46,7.18
442,Eureka,US,2022-05-25 02:42:59,40.8021,-124.1637,60.13,77,4,1.99
443,Avila,ES,2022-05-25 02:43:00,40.5833,-5.0,37.29,93,53,2.64
444,Kidal,ML,2022-05-25 02:43:01,18.4411,1.4078,90.21,24,100,10.71
445,Dali,CN,2022-05-25 02:43:01,25.7,100.1833,74.68,56,19,4.14
446,Necochea,AR,2022-05-25 02:38:49,-38.5473,-58.7368,46.87,76,69,7.96
447,Buenos Aires,AR,2022-05-25 02:38:57,-34.6132,-58.3772,58.73,80,0,6.91
448,Amahai,ID,2022-05-25 02:43:02,-3.3333,128.9167,81.23,79,100,1.7
449,Nichinan,JP,2022-05-25 02:43:03,31.6,131.3667,74.88,76,76,8.37
450,Hudson Bay,CA,2022-05-25 02:43:04,52.85,-102.3842,47.48,74,100,9.31
451,Hidalgo,MX,2022-05-25 02:43:04,20.5,-99.0,65.21,77,99,12.44
452,Muli,MV,2022-05-25 02:43:05,2.9167,73.5667,82.49,73,46,1.52
453,Baft,IR,2022-05-25 02:43:06,29.234,56.6057,69.39,18,0,13.42
454,Taguatinga,BR,2022-05-25 02:43:06,-12.3857,-46.5711,73.0,44,0,9.93
455,Alice Springs,AU,2022-05-25 02:43:06,-23.7,133.8833,78.35,31,40,6.91
456,Cururupu,BR,2022-05-25 02:43:07,-1.8283,-44.8683,72.61,95,66,1.5
457,Sicamous,CA,2022-05-25 02:38:45,50.8331,-118.9856,63.57,71,100,3.47
458,Nurota,UZ,2022-05-25 02:43:08,40.5614,65.6886,82.4,21,5,1.99
459,Ponta Delgada,PT,2022-05-25 02:43:10,37.7333,-25.6667,59.5,77,20,5.75
460,Matara,LK,2022-05-25 02:43:11,5.9485,80.5353,80.6,80,100,8.46
461,Palmer,US,2022-05-25 02:43:12,42.1584,-72.3287,60.17,69,20,8.05
462,Chipinge,ZW,2022-05-25 02:43:12,-20.1883,32.6236,53.55,76,0,2.21
463,Mandalgovi,MN,2022-05-25 02:43:13,45.7625,106.2708,59.5,18,92,10.45
464,Zyryanka,RU,2022-05-25 02:44:14,65.75,150.85,61.63,29,7,5.84
465,Horki,BY,2022-05-25 02:44:15,54.2861,30.9842,44.46,75,2,4.32
466,Sao Jose Da Coroa Grande,BR,2022-05-25 02:44:16,-8.8978,-35.1478,76.28,89,100,9.53
467,Kusti,SD,2022-05-25 02:44:16,13.1629,32.6635,83.52,48,50,10.49
468,Mungwi,ZM,2022-05-25 02:44:17,-10.1732,31.3694,60.4,76,90,2.8
469,Andijon,UZ,2022-05-25 02:44:18,40.7821,72.3442,74.48,72,82,2.3
470,Abha,SA,2022-05-25 02:44:19,18.2164,42.5053,66.45,24,0,4.61
471,Mangrol,IN,2022-05-25 02:44:19,21.1167,70.1167,84.61,68,99,9.8
472,Malmesbury,ZA,2022-05-25 02:44:20,-33.4608,18.7271,58.78,93,99,3.31
473,Olean,US,2022-05-25 02:44:20,42.0776,-78.4297,57.88,93,0,0.0
474,Petatlan,MX,2022-05-25 02:44:21,17.5167,-101.2667,77.79,80,87,3.22
475,Ilhabela,BR,2022-05-25 02:44:22,-23.7781,-45.3581,66.31,86,1,3.85
476,Biak,ID,2022-05-25 02:44:23,-0.9131,122.8766,82.62,75,96,2.77
477,Santa Isabel Do Rio Negro,BR,2022-05-25 02:44:24,-0.4139,-65.0192,72.57,98,15,2.53
478,Hare Bay,CA,2022-05-25 02:44:25,48.8499,-54.0148,36.75,74,0,2.3
479,Mushie,CD,2022-05-25 02:44:25,-3.0167,16.9,70.48,97,79,1.5
480,Kysyl-Syr,RU,2022-05-25 02:44:26,63.8986,122.7617,45.05,40,99,13.06
481,Siguiri,GN,2022-05-25 02:44:26,11.6667,-9.5,77.74,62,92,5.26
482,Vanimo,PG,2022-05-25 02:44:27,-2.6741,141.3028,86.49,66,52,8.25
483,Lai,TD,2022-05-25 02:44:27,9.3952,16.2989,78.98,64,23,5.95
484,Calama,CL,2022-05-25 02:44:28,-22.4667,-68.9333,43.29,14,0,19.57
485,Kamina,CD,2022-05-25 02:44:29,-8.7386,24.9906,59.56,64,85,3.71
486,Cayenne,GF,2022-05-25 02:44:29,4.9333,-52.3333,82.09,3,0,1.99
487,Buraydah,SA,2022-05-25 02:42:12,26.326,43.975,77.45,17,1,7.02
488,Edgewater,US,2022-05-25 02:44:30,28.9889,-80.9023,78.89,83,0,8.05
489,Juneau,US,2022-05-25 02:44:31,58.3019,-134.4197,53.6,85,75,6.91
490,Smithers,CA,2022-05-25 02:44:32,54.7804,-127.1743,57.52,38,100,9.22
491,Cochrane,CA,2022-05-25 02:42:11,51.1834,-114.4687,57.83,44,75,11.5
492,Fagersta,SE,2022-05-25 02:44:32,60.0042,15.7932,52.25,98,100,4.63
493,Batagay-Alyta,RU,2022-05-25 02:44:33,67.8006,130.4114,31.89,97,100,19.33
494,Mount Gambier,AU,2022-05-25 02:44:33,-37.8333,140.7667,63.23,60,100,12.55
495,Gizo,SB,2022-05-25 02:44:34,-8.103,156.8419,83.62,69,17,4.81
496,Voznesenye,RU,2022-05-25 02:44:34,61.0106,35.4781,37.27,87,100,3.78
497,Linqiong,CN,2022-05-25 02:44:35,30.4159,103.4609,71.42,70,90,4.25
498,Yartsevo,RU,2022-05-25 02:44:36,55.0667,32.6964,40.64,85,88,2.73
499,Yerbogachen,RU,2022-05-25 02:44:37,61.2767,108.0108,51.76,76,100,1.59
500,Balakirevo,RU,2022-05-25 02:44:37,56.5059,38.8432,32.94,87,13,6.06
501,Cidreira,BR,2022-05-25 02:44:38,-30.1811,-50.2056,63.52,85,32,6.2
502,Ormara,PK,2022-05-25 02:44:39,25.2088,64.6357,82.83,81,48,8.05
503,Yulara,AU,2022-05-25 02:44:39,-25.2406,130.9889,74.91,38,0,4.09
504,Jalingo,NG,2022-05-25 02:44:40,8.8833,11.3667,78.26,68,63,5.35
505,Prince Rupert,CA,2022-05-25 02:44:41,54.3161,-130.3201,50.09,84,100,5.75
506,Saint-Pierre,RE,2022-05-25 02:44:41,-21.3393,55.4781,69.48,60,0,8.05
507,Mezen,RU,2022-05-25 02:44:42,65.8522,44.24,38.93,79,40,6.62
508,Arman,RU,2022-05-25 02:44:42,59.7,150.1667,43.02,100,100,3.44
509,Flinders,AU,2022-05-25 02:44:43,-34.5833,150.8552,69.06,73,62,5.01
510,Mareeba,AU,2022-05-25 02:45:45,-17.0,145.4333,79.48,67,55,4.12
511,Port Augusta,AU,2022-05-25 02:45:46,-32.5,137.7667,69.96,50,65,18.21
512,Sirnak,TR,2022-05-25 02:45:47,37.5228,42.4594,46.47,51,0,3.78
513,Vila Franca Do Campo,PT,2022-05-25 02:45:48,37.7167,-25.4333,59.2,80,12,5.5
514,Mountain Home,US,2022-05-25 02:43:05,43.133,-115.6912,69.28,17,40,16.11
515,Santa Isabel,BR,2022-05-25 02:45:49,-23.3156,-46.2214,63.36,90,0,2.51
516,Vanavara,RU,2022-05-25 02:45:50,60.34,102.2797,63.39,46,100,7.47
517,Kande,TG,2022-05-25 02:45:51,9.9578,1.0447,75.11,84,89,4.12
518,Dekar,BW,2022-05-25 02:45:52,-21.5333,21.9333,52.3,59,0,2.64
519,Khapa,IN,2022-05-25 02:45:52,21.4333,78.9667,89.55,33,0,11.45
520,Kitimat,CA,2022-05-25 02:41:36,54.0524,-128.6534,52.18,38,100,3.22
521,Kulu,TR,2022-05-25 02:45:54,39.0951,33.0799,52.29,55,22,2.82
522,Simao,CN,2022-05-25 02:45:55,22.7886,100.9748,71.44,90,94,3.42
523,North Bend,US,2022-05-25 02:45:06,43.4065,-124.2243,62.92,85,0,3.44
524,Charters Towers,AU,2022-05-25 02:45:56,-20.1,146.2667,75.49,52,100,2.64
525,Salinopolis,BR,2022-05-25 02:45:57,-0.6136,-47.3561,77.7,86,87,10.51
526,Bairiki,KI,2022-05-25 02:45:58,1.3292,172.9752,86.0,66,40,6.91
527,Broken Hill,AU,2022-05-25 02:45:59,-31.95,141.4333,64.36,62,86,12.48
528,Nha Trang,VN,2022-05-25 02:46:00,12.25,109.1833,89.6,57,93,2.66
529,Nelson Bay,AU,2022-05-25 02:46:01,-32.7167,152.15,66.99,87,13,1.01
530,Opuwo,NA,2022-05-25 02:46:01,-18.0607,13.84,55.42,38,0,4.45
531,Kathmandu,NP,2022-05-25 02:43:55,27.7167,85.3167,70.02,83,75,0.0
532,Along,IN,2022-05-25 02:46:02,28.1667,94.7667,84.18,64,94,0.22
533,Kaduna,NG,2022-05-25 02:46:03,10.5222,7.4383,73.38,72,77,5.57
534,Morden,CA,2022-05-25 02:46:04,49.1919,-98.1014,64.83,48,48,6.91
535,Nirmal,IN,2022-05-25 02:46:04,19.1,78.35,93.2,38,3,11.81
536,Panama City,PA,2022-05-25 02:41:22,8.9936,-79.5197,80.55,86,40,3.44
537,Balkhash,KZ,2022-05-25 02:46:06,46.844,74.9804,72.21,28,0,15.66
538,Paamiut,GL,2022-05-25 02:46:06,61.994,-49.6678,27.66,71,89,20.33
539,Clinton,US,2022-05-25 02:42:37,42.587,-82.9199,60.22,67,75,10.36
540,Zhangjiakou,CN,2022-05-25 02:46:07,40.81,114.8794,68.56,16,0,13.44
541,Marsaxlokk,MT,2022-05-25 02:46:07,35.8419,14.5431,72.09,64,0,8.05
542,Floro,NO,2022-05-25 02:46:08,61.5996,5.0328,52.97,81,100,25.32
543,Chadiza,ZM,2022-05-25 02:46:09,-14.0678,32.4392,55.45,91,12,2.13
544,Faanui,PF,2022-05-25 02:46:09,-16.4833,-151.75,81.03,71,3,15.05
545,Praia,CV,2022-05-25 02:46:10,14.9215,-23.5087,72.14,78,75,10.36
546,Hualmay,PE,2022-05-25 02:46:11,-11.0964,-77.6139,63.28,85,2,8.61
547,Srandakan,ID,2022-05-25 02:46:12,-7.9386,110.2506,86.83,63,5,6.64
548,Vanderhoof,CA,2022-05-25 02:41:36,54.0166,-124.0198,53.91,49,100,5.53
549,Sungaipenuh,ID,2022-05-25 02:46:13,-2.0833,101.3833,65.07,99,100,2.71
550,Shirokiy,RU,2022-05-25 02:46:15,49.758,129.523,61.09,57,100,7.23
551,Preobrazheniye,RU,2022-05-25 02:46:15,42.9019,133.9064,64.36,70,38,6.87
552,Pangody,RU,2022-05-25 02:46:16,65.85,74.4859,49.66,59,8,7.38
553,Kerema,PG,2022-05-25 02:46:17,-7.9631,145.7785,82.58,75,59,6.55
554,Severnoye,RU,2022-05-25 02:47:18,56.3491,78.3619,73.09,47,2,4.45
555,Athabasca,CA,2022-05-25 02:47:19,54.7169,-113.2854,52.21,84,42,8.41
556,Bocas Del Toro,PA,2022-05-25 02:47:20,9.3333,-82.25,78.62,81,100,5.61
557,Pecos,US,2022-05-25 02:47:20,31.4229,-103.4932,64.31,48,0,9.22
558,Cabatuan,PH,2022-05-25 02:47:21,10.8794,122.486,90.41,59,91,6.13
559,Peniche,PT,2022-05-25 02:47:22,39.3558,-9.3811,59.11,82,100,19.95
560,Novikovo,RU,2022-05-25 02:47:23,51.1537,37.8879,45.5,84,28,3.94
561,Alanya,TR,2022-05-25 02:47:24,36.5438,31.9998,62.73,54,0,4.61
562,Chai Badan,TH,2022-05-25 02:47:24,15.2,101.1333,85.73,67,100,9.15
563,Remontnoye,RU,2022-05-25 02:47:25,46.5614,43.6501,51.62,83,44,9.46
564,Sola,VU,2022-05-25 02:47:25,-13.8833,167.55,79.54,77,100,18.19
565,Betsiamites,CA,2022-05-25 02:43:13,48.9413,-68.646,50.4,62,33,5.97
566,Kruisfontein,ZA,2022-05-25 02:47:26,-34.0033,24.7314,55.89,91,98,7.05
567,Mollendo,PE,2022-05-25 02:47:27,-17.0231,-72.0147,62.8,83,82,6.8
568,Miraflores,MX,2022-05-25 02:47:27,19.2167,-98.8083,66.87,68,93,4.21
569,Bilibino,RU,2022-05-25 02:47:28,68.0546,166.4372,52.09,50,98,12.91
570,Smirnykh,RU,2022-05-25 02:47:29,49.75,142.8333,44.06,97,100,2.26
571,Sakakah,SA,2022-05-25 02:47:31,29.9697,40.2064,71.17,34,0,8.63
572,Grado,ES,2022-05-25 02:47:31,43.388,-6.0743,54.1,92,75,6.91
573,Dubbo,AU,2022-05-25 02:47:32,-32.25,148.6167,60.93,72,100,9.22
574,Archidona,ES,2022-05-25 02:47:33,37.0965,-4.3887,61.41,50,3,4.74
575,Beisfjord,NO,2022-05-25 02:47:33,68.3751,17.5988,57.25,73,99,10.4
576,Lac Du Bonnet,CA,2022-05-25 02:45:08,50.2536,-96.0612,52.07,82,32,5.86
577,Neuquen,AR,2022-05-25 02:47:34,-38.9516,-68.0591,49.89,57,100,3.44
578,Beloha,MG,2022-05-25 02:47:35,-25.1667,45.05,67.46,91,44,5.55
